Workbook

Sheet Summary
A2: Telemetry Power Budget
A3: Initial component-level estimate from the 13 September 2026 netlist. Yellow cells in Rail Budget are editable assumptions requiring bench confirmation.
A5: 3.3 V rail | B5: Normal operating | C5: Conservative peak envelope | D5: Assessment
A6: Load current | B6: ='Rail Budget'!G21 -> 174.4 | C6: ='Rail Budget'!H21 -> 584.6 | D6: =IF(C6>250,"Exceeds MCP1703 250 mA rating","Below rating; thermal check still required") -> Exceeds MCP1703 250 mA rating
A7: Output power | B7: ='Rail Budget'!J21 -> 0.57552 | C7: ='Rail Budget'!K21 -> 1.92918 | D7: 3.3 V load only
A8: If 5.15 V → 3.3 V LDO | B8: ='Rail Budget'!Q13 -> 0.32264 | C8: ='Rail Budget'!Q14 -> 1.08151 | D8: =IF(C8>0.25,"Do not use MCP1703 SOT-23 for this rail","Prototype thermal test required") -> Do not use MCP1703 SOT-23 for this rail
A10: 5 V LED rail | B10: Normal operating | C10: Peak | D10: Assessment
A11: LED rail current | B11: ='Rail Budget'!G24 -> 100 | C11: ='Rail Budget'!H24 -> 100 | D11: 10 channels × 10 mA
A12: Existing U11 loss at 12 V | B12: ='Rail Budget'!Q15 -> 0.7 | D12: Current architecture
A13: Existing U11 loss at 14.4 V | B13: ='Rail Budget'!Q16 -> 0.94 | D13: Current architecture
A15: Decision guidance
A16: The current +5 V LDO must dissipate the LED-rail voltage drop. A 5 V → 3.3 V SOT-23 LDO would instead dissipate the 3.3 V rail loss shown above. The conservative peak envelope combines events that may not be simultaneous; it is a supply-sizing bound, not a continuous-load claim.
A18: Recommended next step: measure the 3.3 V rail in GNSS acquisition, microSD write and CAN dominant traffic. Keep the LMR33610 as the 3.3 V buck unless measured current and thermal testing justify a smaller linear rail.

Sheet Rail Budget
A2: Rail Consumer Budget | P2: Regulator Loss Check
A3: Inputs marked in yellow are initial design values. Values are mA at the named rail; source details and verification requirements are on Sources.
P4: Input | Q4: Value
A5: Rail | B5: Reference | C5: Consumer | D5: Qty | E5: Nominal mA / unit | F5: Peak mA / unit | G5: Nominal mA | H5: Peak mA | I5: Rail V | J5: Nominal W | K5: Peak W | L5: Basis | M5: Source ID | N5: Verification needed | P5: Proposed 3.3 V LDO input | Q5: 5.15
A6: +3.3V | B6: U3 | C6: LC29HBAMD VCC | D6: 1 | E6: 30 | F6: 100 | G6: =D6*E6 -> 30 | H6: =D6*F6 -> 100 | I6: 3.3 | J6: =G6*I6/1000 -> 0.099 | K6: =H6*I6/1000 -> 0.33 | L6: 30 mA supplied for LC29H (BA); peak is an engineering allowance | M6: S1 | N6: Measure GNSS acquisition/start-up | P6: 3.3 V output | Q6: 3.3
A7: +3.3V | B7: U3 | C7: Active GNSS antenna through VDD_RF | D7: 1 | E7: 20 | F7: 40 | G7: =D7*E7 -> 20 | H7: =D7*F7 -> 40 | I7: 3.3 | J7: =G7*I7/1000 -> 0.066 | K7: =H7*I7/1000 -> 0.132 | L7: Antenna selection not yet specified | M7: A1 | N7: Replace with selected antenna maximum | P7: MCP1703 rating (mA) | Q7: 250
A8: +3.3V | B8: U5 | C8: STM32H523RCT7 | D8: 1 | E8: 30 | F8: 60 | G8: =D8*E8 -> 30 | H8: =D8*F8 -> 60 | I8: 3.3 | J8: =G8*I8/1000 -> 0.099 | K8: =H8*I8/1000 -> 0.198 | L8: 250 MHz run-mode typical plus peripheral allowance | M8: S2 | N8: Measure firmware worst case | P8: 3.3 V normal current (mA) | Q8: =G21 -> 174.4
A9: +3.3V | B9: J7 | C9: microSD card | D9: 1 | E9: 50 | F9: 200 | G9: =D9*E9 -> 50 | H9: =D9*F9 -> 200 | I9: 3.3 | J9: =G9*I9/1000 -> 0.165 | K9: =H9*I9/1000 -> 0.66 | L9: Card-specific; not defined in BOM | M9: A2 | N9: Measure selected card write burst | P9: 3.3 V peak envelope (mA) | Q9: =H21 -> 584.6
A10: +3.3V | B10: U4 | C10: TCAN337 CAN #1 | D10: 1 | E10: 3.5 | F10: 60 | G10: =D10*E10 -> 3.5 | H10: =D10*F10 -> 60 | I10: 3.3 | J10: =G10*I10/1000 -> 0.01155 | K10: =H10*I10/1000 -> 0.198 | L10: Recessive typical; dominant high-bus-load bound | M10: S3 | N10: Confirm actual bus load and duty
A11: +3.3V | B11: U6 | C11: TCAN337 CAN #2 | D11: 1 | E11: 3.5 | F11: 60 | G11: =D11*E11 -> 3.5 | H11: =D11*F11 -> 60 | I11: 3.3 | J11: =G11*I11/1000 -> 0.01155 | K11: =H11*I11/1000 -> 0.198 | L11: Recessive typical; dominant high-bus-load bound | M11: S3 | N11: Confirm actual bus load and duty
A12: +3.3V | B12: U9 | C12: TLC59108 LED driver #1 | D12: 1 | E12: 17 | F12: 28 | G12: =D12*E12 -> 17 | H12: =D12*F12 -> 28 | I12: 3.3 | J12: =G12*I12/1000 -> 0.0561 | K12: =H12*I12/1000 -> 0.0924 | L12: Supply current table; outputs configured through 1.87 kΩ REXT | M12: S4 | N12: Measure configured mode | P12: Calculation | Q12: Loss
A13: +3.3V | B13: U10 | C13: TLC59108 LED driver #2 | D13: 1 | E13: 17 | F13: 28 | G13: =D13*E13 -> 17 | H13: =D13*F13 -> 28 | I13: 3.3 | J13: =G13*I13/1000 -> 0.0561 | K13: =H13*I13/1000 -> 0.0924 | L13: Supply current table; outputs configured through 1.87 kΩ REXT | M13: S4 | N13: Measure configured mode | P13: 5.15 V → 3.3 V, normal | Q13: =(Q5-Q6)*Q8/1000 -> 0.32264
A14: +3.3V | B14: U2 | C14: ASM330LHHXG1TR IMU | D14: 1 | E14: 1.3 | F14: 1.6 | G14: =D14*E14 -> 1.3 | H14: =D14*F14 -> 1.6 | I14: 3.3 | J14: =G14*I14/1000 -> 0.00429 | K14: =H14*I14/1000 -> 0.00528 | L14: Gyro + accelerometer at 1.6 kHz | M14: S5 | N14: Confirm selected ODR | P14: 5.15 V → 3.3 V, peak envelope | Q14: =(Q5-Q6)*Q9/1000 -> 1.08151
A15: +3.3V | B15: U13 | C15: TXS0108E level shifter | D15: 1 | E15: 0.1 | F15: 2 | G15: =D15*E15 -> 0.1 | H15: =D15*F15 -> 2 | I15: 3.3 | J15: =G15*I15/1000 -> 0.00033 | K15: =H15*I15/1000 -> 0.0066 | L15: Initial allowance; I/O loading dependent | M15: A3 | N15: Measure I/O traffic | P15: Existing 12 V → 5 V LED LDO | Q15: =(12-5)*G24/1000 -> 0.7
A16: +3.3V | B16: passives | C16: Pull-ups, indicators and margin | D16: 1 | E16: 2 | F16: 5 | G16: =D16*E16 -> 2 | H16: =D16*F16 -> 5 | I16: 3.3 | J16: =G16*I16/1000 -> 0.0066 | K16: =H16*I16/1000 -> 0.0165 | L16: Explicit engineering allowance | M16: A4 | N16: Replace after rail measurement | P16: Existing 14.4 V → 5 V LED LDO | Q16: =(14.4-5)*G24/1000 -> 0.94
A17: +5V | B17: LED1–LED5 | C17: Ten LED die at 10 mA | D17: 10 | E17: 10 | F17: 10 | G17: =D17*E17 -> 100 | H17: =D17*F17 -> 100 | I17: 5 | J17: =G17*I17/1000 -> 0.5 | K17: =H17*I17/1000 -> 0.5 | L17: R27/R28 = 1.87 kΩ, 10 mA/channel default setting | M17: S4 | N17: Confirm firmware maximum PWM duty
P18: Interpretation
P19: SOT-23 3.3 V LDO | Q19: =IF(Q14>0.25,"Peak envelope exceeds MCP1703 current rating",IF(Q13>0.2,"Normal loss requires thermal test","Thermal test required")) -> Peak envelope exceeds MCP1703 current rating
P20: Current +5 V LDO | Q20: =IF(Q16>0.5,"Linear solution needs redesign or substantial thermal path","Thermal test required") -> Linear solution needs redesign or substantial thermal path
A21: +3.3V total | G21: =SUM(G6:G16) -> 174.4 | H21: =SUM(H6:H16) -> 584.6 | I21: 3.3 | J21: =SUM(J6:J16) -> 0.57552 | K21: =SUM(K6:K16) -> 1.92918 | L21: Sum of +3.3 V consumer rows | N21: Peak envelope is not a continuous-load claim
A24: +5V total | G24: =SUM(G17:G17) -> 100 | H24: =SUM(H17:H17) -> 100 | I24: 5 | J24: =SUM(J17:J17) -> 0.5 | K24: =SUM(K17:K17) -> 0.5 | L24: Sum of +5 V consumer rows | N24: LED rail only in present netlist

Sheet Sources
A2: Sources and Assumption Register
A3: Source IDs in Rail Budget identify whether a number comes from a data sheet (S) or is an engineering assumption pending measurement (A).
A5: ID | B5: Component / item | C5: Data used | D5: Source | E5: Use in budget | F5: Status
A6: S1 | B6: Quectel LC29H (BA) / LC29HBAMD | C6: 30 mA acquisition and tracking; VDD_RF feeds active antenna | D6: Quectel LC29H Hardware Design V1.0, Table 3 and section 3 | E6: U3 base load | F6: Verify LC29HBAMD suffix and startup peak
A7: S2 | B7: STM32H523RCT7 | C7: 110 µA/MHz typical at 250 MHz = 27.5 mA before peripherals | D7: ST STM32H523/533 product page | E7: U5 normal operating estimate | F7: Peak is an engineering allowance
A8: S3 | B8: TCAN337 | C8: 3.5 mA recessive typical; 60 mA dominant high-bus-load bound | D8: TI TCAN337 datasheet, electrical characteristics | E8: U4/U6 rail envelope | F8: Measure duty cycle and bus termination
A9: S4 | B9: TLC59108 | C9: 17 mA supply current typical; 10 mA/channel from selected 1.87 kΩ REXT setting | D9: TI TLC59108 data sheet | E9: U9/U10 logic load and LED rail | F9: Confirm firmware mode and PWM
A10: S5 | B10: ASM330LHHXG1TR | C10: 1.3 mA typical and 1.6 mA maximum at 1.6 kHz combo mode | D10: ST ASM330LHHX data sheet, Table 3 | E10: U2 load | F10: Confirm selected ODR
A11: A1 | B11: Active GNSS antenna | C11: 20 mA normal / 40 mA peak | D11: No antenna part selected | E11: VDD_RF external load | F11: Replace with antenna data sheet
A12: A2 | B12: microSD card | C12: 50 mA normal / 200 mA peak | D12: No card part selected | E12: J7 external load | F12: Replace with selected card data sheet and measurement
A13: A3 | B13: TXS0108E | C13: 0.1 mA normal / 2 mA peak | D13: I/O load dependent | E13: U13 allowance | F13: Measure after I/O configuration is fixed
A14: A4 | B14: Passives and unlisted rail load | C14: 2 mA normal / 5 mA peak | D14: Engineering allowance | E14: Rail margin | F14: Replace after board-current measurement
A15: N1 | B15: Netlist scope | C15: telemetry-rext-fixed-netlist.xml exported 13 Sep 2026 | D15: Current KiCad schematic / netlist | E15: Component connectivity and rail membership | F15: Repeat export after schematic changes
